{"version":1,"hash":{"type":"Buffer","data":"frjCHQEqwordO+9a+28rDcyuyO//rqlEBjpUJ2SVjiGMrwoyKJJTnAnNdQxrKePvTb4iU3GNMPE6cK1+dFqguDcxmpwYMUQGztTnK9LoJeAeTX5JpG7gCXf+27QYeF6ZoTlXlzFHkV23kOyskZJtL1gjzjXjjgEkQ++/N4iFWwU="},"indexValueMap":{"z8t476yd0BScbfwQ3Fghi6liWUNn6vBWMgTTOvqV1To=":{"valueMac":{"type":"Buffer","data":"k8ws+WDMemZZuWKepsBynGZP2ojZe1gs/JAwMNFIP+k="}},"RTfVZK+y8gkY2t19kOQLGjxWZk+CXGYfJCVntYyuECs=":{"valueMac":{"type":"Buffer","data":"HpMS3Wu3HEw+Z/sLzs7hegrLndr9TIGyifjx3HmE7nw="}},"/JLEcplrRXbNfG3nxLAoZJMXS0h+zfo9ZHI3JokjAuc=":{"valueMac":{"type":"Buffer","data":"COkYsRUV07Sm5wmB6EI2N8sKlhpaBlf53b3kzWBarEo="}},"N9YD0chDPnsmQNNzfFutBLEveubutZJ9R9YqnFDwWPU=":{"valueMac":{"type":"Buffer","data":"UUi5m0Y4OKUIBDD4FgA/bDAXuu87aDCq89kUFg5budM="}},"XydEQPaBLFsBuxrX//rXKM6UofatiQmEcjPKqKTMvdk=":{"valueMac":{"type":"Buffer","data":"3dS26ILz2XcKtYSLFt4d7Ea4wntI+xZT3aLgYFEwDEw="}}}}