{"version":3,"hash":{"type":"Buffer","data":"h8qGs3yeTINfTDumG0IVDfzDbKMB9w0RsYINdjcqUd8K9AEyryuNUYk2+D73JBVuz7AoZVmZi1sDM/LCYPT/ApSU0eOSOuGH9ojjEzsC6JjfAyTb1RYG979n2FaOAxXXOe41wAWtDFg3KY0bUq3sF16MbSSSVcsU/CSii3o0UVY="},"indexValueMap":{"Ry0MuLiBp0kl8abaOf2J1/H1mf1nOWncbUMSjNLv6ms=":{"valueMac":{"type":"Buffer","data":"5TAhHnrjBLElLH3aFyyc4NnFQBCQNaTsp++jaSAYrm4="}},"wzBzplNvDhgHEJbGLtyPUaIfbPgfgK2cp53mejZ5XwI=":{"valueMac":{"type":"Buffer","data":"J9EHs8xeyUc6AoSHZqYJCef2n8ZiS+SuNvt5mN6NPPg="}},"PutCUnX5RQzR6LwHI6HHZSVvuUUENWthIuTVmwHzIaA=":{"valueMac":{"type":"Buffer","data":"JQoqG2QJM7IOSFiQNd3zm488HjbtUDJG+fa7klfF5MU="}},"uEb6FqgdZEY3xgAIHH2Say2khmQ5u7Zi9z+thuhk8M4=":{"valueMac":{"type":"Buffer","data":"XLwWnEjBqLrAF/GibA14Fmiedloxn14PFl2Li/2ugXU="}}}}