{"version":7,"hash":{"type":"Buffer","data":"8wcYvWaF/SNIOImwqBSJoU+1epjN97W412bAWO+H8rEuqKDGYwOaP1+Y7kOou+oLtYC90rPtsFveM9UI+V9DztbtVUGTUL7CW6OPMzpQxXP3wgemQelaSL01RSKrAMzN9fFr89xZQUtypB9YgP9IZs2wRfI6lETW5bpWm6cWqqs="},"indexValueMap":{"BV8HqCftVPUm27oku0lFAOfcpdOwUm5vthCtYoXY9Ug=":{"valueMac":{"type":"Buffer","data":"djKHk4Vhabi4xeVOfd+Ct+3fasxM2dBt90FnAxxWlWk="}},"C7KR5zDzawgOVgySeE4hu2/nRPnktjJvVPSSCUJHjMM=":{"valueMac":{"type":"Buffer","data":"GICtG+GqUvmf/qUk9nWo986f2qD50SWEAxqy1TQI/zU="}},"G0cv88xqtPXNO8WmLkYLQ5/pl3JCA1HbX/t2EHrwugE=":{"valueMac":{"type":"Buffer","data":"Ctob0ShuvkXdoF67DteDzWRD/4KI6r+xI8b8I31FKkA="}},"Ip68Ous1epMSlA/wYjDER56OHI9imUUdILslV7ChlYo=":{"valueMac":{"type":"Buffer","data":"yAMFUnnU3QY//xZ2GEXDaK5vkWNSJBUmVGaEVtV5SYY="}},"IwcFisy+MXCbXbCWhPnL0hK02pn6oiZdgvG/VgDLHeI=":{"valueMac":{"type":"Buffer","data":"8JiKmWVyQGBgEch4ETp9ho7NPsq0w4XIgGJu/IoLvcc="}},"I2v2soNCu9nYaRrVD9oKTFres1LOOPhqmAdu1P0Fams=":{"valueMac":{"type":"Buffer","data":"PW/t4ruwzHmorCQ3oUzXcfb/Okf7gKafvOFrq50xddU="}},"O0O+JNM4KEZnI5Q2o1JfxWkLYkQSdqBQnwdmxZyz7jw=":{"valueMac":{"type":"Buffer","data":"Fm6/YvngpS17w2QigiKRNpwV80IfWmuSp6QZIkWkna4="}},"PPUqo6MBsnJ1QJCh9T6aXiwDVy6kfftxAleSz+bDfzw=":{"valueMac":{"type":"Buffer","data":"pVWGAUtDLPWHG8yWscuEDySUs8SPhT3uWl4cCXCtH58="}},"Q7BeDGQVuw3lwSWRhBD9vJgWHhQ/CjOrMfKn3+0FuRY=":{"valueMac":{"type":"Buffer","data":"3MyklMv2hnDRUj1PD/NIArP3iH498qV7MkE7pSRJjlw="}},"RtdJ12xNZgZlfJoVNp8oGmAg1lppJtfOjoYiPuGOVwM=":{"valueMac":{"type":"Buffer","data":"vSgOB9oP8CoWVQyZH1Cy8PF/R1RmRHl7bKNLtdyaVEU="}},"R2xArPYN0nkED+W894DaWMWyxVwkEvoZDrKGCOrblPQ=":{"valueMac":{"type":"Buffer","data":"LgekjBi2DpPnQxGoxwzrWe1V72469q/VlIeom41VFDU="}},"Sl7k0oyB45cAm/txh5AxgzeyWE9e2TBm7ggNFdlEcEU=":{"valueMac":{"type":"Buffer","data":"5pHJNdB58Ohzh9Wkja7qILofUkZUW432AYEZWc8mAYs="}},"TgOpnw14s6pWiQhDgZLCAe+SSsBGt7xqD69R4zc3jXw=":{"valueMac":{"type":"Buffer","data":"Hx+ChSo7V8Hk1mNvLboyz9bjm2fENJNZjJz6lK8/JJo="}},"Ws6K0OG8/x0K7suDiyVhCk5xDHyvpecmLnkcOYBYayA=":{"valueMac":{"type":"Buffer","data":"8tBS1aZk2UMsYgnZG2TkiQVzM7odeCrISFoR59PMLLM="}},"ZjH7vVZZJDgutqgbIIZrt5wtnRFkyBv0L2ilxhX7X98=":{"valueMac":{"type":"Buffer","data":"KpRd4z2AucIpI9wRfXtQUnudrZN1/l8NAlirto4xMqc="}},"aFt3HbN/70gAP2JQ+3EYb9UGKx5bGzrwPy4QRcsVkSU=":{"valueMac":{"type":"Buffer","data":"7AU2G4p8GCAj3vcmnoWNrf5Spmqk3fivVUhrjDt5Iso="}},"bfOr8ncqUlrPPLVl8LWvBZ7qTl5JugZpxbqaWgwXWKc=":{"valueMac":{"type":"Buffer","data":"LewXpX6uVC1n4JTEhdVesj1ectIJtKxSfimGh75wkIE="}},"bffX0QGMuKDuoHIV36SutZLhOwtXRt+SbELQlRCg7VI=":{"valueMac":{"type":"Buffer","data":"C/NokEWyGDl4W4mPwlzc0Ms7xnK6zA+F6ZB3BMTdnTE="}},"ce1QUwsnOsTJrzd60Pem+EFDXfA7IFXerPoQ1xX62Z0=":{"valueMac":{"type":"Buffer","data":"r44Am69rcGVKklapRcl1/Rx4Acu8DLDwN/+pa0tBsVQ="}},"dL0kZzsZIISJXBqajYRhvqSUHHI9bQ2KK4m8R05qYlA=":{"valueMac":{"type":"Buffer","data":"lGts5HxcFb6vpOxn5FfOmT7OwyqZAv6Mr44obU0tGNo="}},"fNFJ5CINGeCGAS4RZrbLP0hVGiJ2Oo09LM2p5WEQbZw=":{"valueMac":{"type":"Buffer","data":"DQSFAzjmq3QadPZAvZ0DvHuYr51yLyEDZlKny2KO6C8="}},"iWLgFQvyI5TtJwEfkwNgk/fNxSrOm6egqrEruYvOkKc=":{"valueMac":{"type":"Buffer","data":"N8eeHPzxt6MCUeey02R7A/Kej50DfVKFqGTlbuRJz1M="}},"iphSVxQWHPI1aW77/NLTGgAWu1eFnMNfjERXRy2AP5M=":{"valueMac":{"type":"Buffer","data":"f69e1jfwfMtsZIhUA3ac8TvXuoX0YfHQ7NQESYJKR9g="}},"m+6vLi3Fq73MDjHhsomajVo5hawG++Fg1xZ6WRo7GdM=":{"valueMac":{"type":"Buffer","data":"7wH2tePljerEVI9JozZqw4u74xwEzbdRcL2ZvV4gS5M="}},"oLTA0u4at6yh8UOxZJshnzSmQwVThbRQjQcrVswXN3A=":{"valueMac":{"type":"Buffer","data":"Q7zvCASk3zotL4iO43/rw8X6Y26S8Nbye/XsmFQolFg="}},"qU9IqVH7KKgW5KkS3PeSF8Xaw6pjWrc1FhR2XyO1Yyc=":{"valueMac":{"type":"Buffer","data":"SlBjPUX+msWdQUp+hX3YOA8xkmLcsJFZSAubr1A9D20="}},"tdcuaYuDDLSFcrb6kc4aiTHAvADBJyP0iEinmzYkGTo=":{"valueMac":{"type":"Buffer","data":"Kz6awi/cuvipcTB3H0BrbOPNShxYdobTaevEmtGlfqw="}},"uSCqWFDO79T4LoQuYiAoT2Jh76zAPySCn6ABvw3CuLY=":{"valueMac":{"type":"Buffer","data":"e8ZW0zQDmQBMLTtNDfaB90pWZujV1Ojpif5Gm7NL5Aw="}},"u3/kO3Nj3paEtu8zHKC9Fu46uyRLP0T0aboBjPESp1g=":{"valueMac":{"type":"Buffer","data":"PcMWUYc9av+CQRmRXh9r24IUHO8er9URC/tk90cbTj0="}},"wzkwIqGwm9y3FLDz6l6ziv7XBRR9Go/pHeMQqd01D8o=":{"valueMac":{"type":"Buffer","data":"kb0MTViLeRWOqD4XxdpsS6YLXaeT5Nt02KccoaU2mrQ="}},"1qe+QUP8INt/tTygwz1Um+wTciVNRh+uzGYJ/sEM+Tc=":{"valueMac":{"type":"Buffer","data":"3vzddMOG1v0hc+andOdxTL4eAscpRVtKX8APejnJrGI="}},"15D7GgNkFc7anqyKOEdJAQEUSXv3OpCrJG+7m/DIFwc=":{"valueMac":{"type":"Buffer","data":"VApG/pcF2G9FJ3ZzAt8pHWePvXh9DvpjV6cdGd/sy70="}},"7ieJmN+XyX4OCbSPJmPdy6ptQfW3tkmWE+QkKB2wFhg=":{"valueMac":{"type":"Buffer","data":"rfYth3aYSTRBuyX5r1F/3OALJeLEZmyz4rjNo/k85hk="}},"9pwkUDahXK1uc9KDD6u8Wi1pG1CmBxDKZyGtqn/vEDU=":{"valueMac":{"type":"Buffer","data":"X7itjmtOSaLbGockLPZj8W3DXBGbr0tFwxdqoPoHcpM="}},"/tWyT1x02P5BxmfBnmCuAeBJXXN73Ujhmiz9rCIZeE8=":{"valueMac":{"type":"Buffer","data":"950hJAwfUsdyJfUklX+wASCBpMX2Ck5Xr6eLCfvMU1Y="}},"/AHqPqpqYRosXNFjp9nOm4nMY3THMfBLjJ6xV9iA7MM=":{"valueMac":{"type":"Buffer","data":"Hc2WCzw156u35fnfaVs+KBR6G12tacdF3LDvzvVKR+k="}},"qG88JgB8xBSyVTxUXx05cKlOQkzliXoaFFidvkD7w9s=":{"valueMac":{"type":"Buffer","data":"7Tbahv5ttnVflnmftHz6NxY4XDao3wDONPYyBO9pyME="}},"1FPHZEs3RF0vr74mutiMj2DI+sgPPJMX7iL/hmVl3PQ=":{"valueMac":{"type":"Buffer","data":"s8sEqhN1jO6DB3dlYxwKVyPCjxts12i/6Nn6PM8WxSk="}},"OGraqIHcppE6x7NneaGcrSY0PvDSGFyQXI2BeMP5mv4=":{"valueMac":{"type":"Buffer","data":"d2Ed9JIK1LgZmvwoJ6UisTMguzufsLUHQdOWtkg68kw="}},"X4Wvs+jXnv15oxvGN6ngoDPu/Jy9e67AoYL8YyqDZB4=":{"valueMac":{"type":"Buffer","data":"qadR08eKyfMmXF5bREpGeM8HCXeZdJ27AXa2+OskkNg="}},"FT/B2ONoN9n6FOQHQfmSxxapsknnAXNL8GGW+AXizEk=":{"valueMac":{"type":"Buffer","data":"Dt+FxQQ3n5as3SYm6nNTbhn8MXCn45LqcVUqEx3f76Q="}}}}