{"version":4,"hash":{"type":"Buffer","data":"zhG/mwkRXJY+s/ClqK9KuSYui7UXjQziyDWK1BqGhGR69GPhyVGSjW9/mocNi3bVBuNmrg3PyMluGhT7PwL3dIPmmMUOC5fiC6jleq2I+TKNC0wuV5bmKvY1t7bp9ad+2dNyXfVdQvwBTbk5XqPxurLP6PdYVczCchfbyHGcINU="},"indexValueMap":{"RpizCiGfR89bp0VbCe01ad5mIbfPeSGHn6cbN5O1Ui8=":{"valueMac":{"type":"Buffer","data":"nXf8ABHJw2l5j6mo2EI/rhUzFsKqEt6HHnv9nmq3s+w="}},"ULJk68mKGAQPbUioZW3hJqwu6M/EBdnRbpDAMZJqpk0=":{"valueMac":{"type":"Buffer","data":"2pWMVXBalyja3iZva9vCdlGfTG3OCzLg3tYJH1UgWj4="}},"lL1Hx4Zps9jXb0XWYP4OVdSJNZG0DqtL/CeG0jZ5ztM=":{"valueMac":{"type":"Buffer","data":"kwWWVR887Axc4L5qF98NKuitccLkaLF1rfpsPqlJAIU="}},"hE/PIFAwA1+LdckN3Zygrzi7N/CRx3rHyBP7LkTCrN4=":{"valueMac":{"type":"Buffer","data":"ZqtT/3Jq9Mbv/ILDnDVkD0y1O+/PEDK/+1nIFc9HHkM="}},"HoxPG8lmad5iXUC2T+xiOhGJS0Nw7kIKPIYgbuZP9ZI=":{"valueMac":{"type":"Buffer","data":"jxr5MhaXy7J7ITP1/YhgxEN7oeW9plCWjwQku4lLgJ0="}},"kEByTnjc52V60gBeAMWjY4abIfqXkl7l/4gwO58To1M=":{"valueMac":{"type":"Buffer","data":"dq7XTHdtB8vcWsUMZidrH2VV5J1bRFoxE+0TSfQjOjM="}},"eqOwF93UVv3DOW2764Vy1O254WYYRxy08FUzore6LCU=":{"valueMac":{"type":"Buffer","data":"7b8l4uQza6jNtQ6iDT5uWtStDLdK1jmC1I0Oz12VT3o="}},"D2cxJ3hwAa+ZW2Fe3HTLl0+NnFCMKH+g3fz9ep4UZBY=":{"valueMac":{"type":"Buffer","data":"gV4UrzZgfIKlsZy2BbGGzEaAjTcWtW9Sp0NIlNtYOK8="}},"2cjK+0n0Uhpd/rXc1bzLHjTcEtUAkShxMxXYTXHYgpo=":{"valueMac":{"type":"Buffer","data":"FqiqdKbwdnkaLWdzCOkZzkkZJq4KTJbLdG0ju9OZmEg="}},"gOwY6C60h9Ak9MdGrzAXCskz0iSTqPKdpwyXH3qpNl8=":{"valueMac":{"type":"Buffer","data":"1XMIRHkcc6apc1BtUF4qQ9zdfmXCWS0RYFBZFzEHbsc="}},"D4rMKjX8ueR33e5lww3JFjHH+yxvhCNA7afCVx+WyKI=":{"valueMac":{"type":"Buffer","data":"qb+HqJDUXxwJT0hwg7RCe/+sY4mI3R/14kkWDDL9hT0="}},"6K+RjJMHr2peX/Mf0T5y74GFXDKSBm1aM0YZoV6Nnls=":{"valueMac":{"type":"Buffer","data":"mkzB39oW6S/4mIbEO2cmrhryrZkRDIH7Da2QkioHdhY="}},"F/eBl3fR3QbYVhX8pu1dtFra5i7ZYPbVnfsE9ziqWz0=":{"valueMac":{"type":"Buffer","data":"KYI3Vw2gG5lvL2oTySwRv3laFNWW/TvlpfqgqxQgt38="}},"XkGalMJ4FuQy1QN4D4Nbg6Tx2dlfyCi1W8SE01il0xw=":{"valueMac":{"type":"Buffer","data":"yfq0TfnSal510KfYiks3kA39NayMAF3c2tTKVbaAHKk="}},"sI9+gTJZqB+7djmQiv5eXMKY9hI78vmoHtHenlBUruQ=":{"valueMac":{"type":"Buffer","data":"JSTCSxjOxX4SNFdxKbaYc1tQIsnif8mlClFRlwBnOoA="}},"V9ggIIKDhjdAS6N5FQS4sY4T1MQCZY46m8ElBALaTGg=":{"valueMac":{"type":"Buffer","data":"nFbHB6/WzZ8lJAoHEFLh+nvUnpxL/cfHJMyuhdSaVGQ="}},"M5s3N1e5YlauoA+L4PPrS0Ngb1nALqDK6XmA7KrD5Z0=":{"valueMac":{"type":"Buffer","data":"MlEIk0f1tEKNOHx6qxFfoqa716DU9HCkmXkj602FQ6Y="}},"OZe1tfy70ABCo+bjKL+35+A7s+0GBT9UbmfHazQA2xQ=":{"valueMac":{"type":"Buffer","data":"wCabdvHQxH675p1pVPn8zwdUlYVETOZHNSEJmVJEKzQ="}},"Xz1D96I5ZVAKUN3hBp6odmOtBm+kMj8WWevhUjA29CQ=":{"valueMac":{"type":"Buffer","data":"gt/W07iH/opSnhH+tngH+T/5wNLTMysggOCxy/+/6tM="}}}}