{"noiseKey":{"private":{"type":"Buffer","data":"uCQ4sjvk74lxqOQrA5CzSvXxsc/eSw06f0Z7YeawXVg="},"public":{"type":"Buffer","data":"W9dEnW6JR57J/JElo8ot7kOyVHvXnA3H48/cXZBtT0c="}},"pairingEphemeralKeyPair":{"private":{"type":"Buffer","data":"gAtAlJyt+soy082TJdCA0WOdvBQo15DUrGl7JvSCq3g="},"public":{"type":"Buffer","data":"teATGUEqI0RnZLo47ssR4J9/4aGwyCulP8k565qu1EY="}},"signedIdentityKey":{"private":{"type":"Buffer","data":"MMfkF/xzNWK5HP9+aQZ7GxeL0OclxXOkuQ79hseAGn8="},"public":{"type":"Buffer","data":"sjBzmVEALzYWl27/m51zLzdFtz5eqmYaXb6EDlfumGA="}},"signedPreKey":{"keyPair":{"private":{"type":"Buffer","data":"wN6nqoJ1WFW27oU98yzuIHrjeFFGtMxhFgIr1swx1mo="},"public":{"type":"Buffer","data":"EtDWlvBfDYe9bMSaq8xkW1rFY9PKzamJbBQ3mc+YR04="}},"signature":{"type":"Buffer","data":"gUaoJqfangUTsa3ofoannehHI61p0RAxnS1BQuvRr2KkveCJw9ObKesUrPAtdvSeYx+xR+wbK6XCdkZ/5uJeAw=="},"keyId":1},"registrationId":165,"advSecretKey":"M4qttHBDFM5soFBhF6TD1pjMWnrkJufX9aM29EMT72s=","processedHistoryMessages":[{"key":{"remoteJid":"242069317902@s.whatsapp.net","fromMe":true,"id":"9B92B342736CD5DFABE645C5B2F2B5EA"},"messageTimestamp":1750589994},{"key":{"remoteJid":"242069317902@s.whatsapp.net","fromMe":true,"id":"6BFCE2B585A831E7B671023E1313489A"},"messageTimestamp":1750589994},{"key":{"remoteJid":"242069317902@s.whatsapp.net","fromMe":true,"id":"42B77779EB2DE5F9E0F4616E5311003C"},"messageTimestamp":1750589996},{"key":{"remoteJid":"242069317902@s.whatsapp.net","fromMe":true,"id":"5BFF569221A0C7BF668CDC6848B14757"},"messageTimestamp":1750589996}],"nextPreKeyId":41,"firstUnuploadedPreKeyId":41,"accountSyncCounter":1,"accountSettings":{"unarchiveChats":false},"registered":false,"account":{"details":"CM+2qBcQo8TfwgYYASAAKAA=","accountSignatureKey":"78UErQ0ijFJNHUixxZJQnQ00/Xt8y+1DwNip04MdZCI=","accountSignature":"Vykx2oCzrSXFB838kqStsgGOPFTnQ1JA4IRDfdr30+JpB/L4x+Pi3SPo9+ao1DopN+9UtuBbSFakooHbyepZAw==","deviceSignature":"O1if09bC8hhiZg9SS6OvLzviMG9bX1ABhW1crS8CEZAx6TABdZssZaRGYpDUCPiKDsxi9lOildMPjdOnidltAQ=="},"me":{"id":"242069317902:1@s.whatsapp.net","lid":"23038825361550:1@lid","name":"L"},"signalIdentities":[{"identifier":{"name":"242069317902:1@s.whatsapp.net","deviceId":0},"identifierKey":{"type":"Buffer","data":"Be/FBK0NIoxSTR1IscWSUJ0NNP17fMvtQ8DYqdODHWQi"}}],"platform":"android","routingInfo":{"type":"Buffer","data":"CAMIDQ=="},"lastAccountSyncTimestamp":1750591250,"lastPropHash":"nm3Bb","myAppStateKeyId":"AAAAAB0y"}