[{"senderKeyId":901030643,"senderChainKey":{"iteration":55,"seed":"9Fa02HOEe6nPScC3iZpv5wtTdIOJ/K14o7NzzTto1fU="},"senderSigningKey":{"public":"BW4AiJD2lmQOWp0ClMbp1bnAl4vVSKU3szAtV1jgPtIz"},"senderMessageKeys":[]},{"senderKeyId":1615554466,"senderChainKey":{"iteration":48,"seed":"RRDhZJLNWBMI6bzwyXxpqwt8ROlzOoXoVXg09T7YwEI="},"senderSigningKey":{"public":"BefN/GhSOi42MQp6fgbwbpz0nQtSIskuCVbPBGgrkX0j"},"senderMessageKeys":[]},{"senderKeyId":1615554466,"senderChainKey":{"iteration":1,"seed":"LhPhqz7GIZgMYgLK1+ReUtwcxkEBElGrVOD9SDJ2r3g="},"senderSigningKey":{"public":"BefN/GhSOi42MQp6fgbwbpz0nQtSIskuCVbPBGgrkX0j"},"senderMessageKeys":[]}]