{"_sessions":{"BTGJLKVLp0AQyE4F7U8/sCx7tReYYffaVFnQJc7IS2wh":{"registrationId":375129842,"currentRatchet":{"ephemeralKeyPair":{"pubKey":"BVvkJIKWO4C/IFtfTdJXZTva0k5tFXZMO6rhzU+AfT03","privKey":"UPjmi5ZgbEEuEFtxQnagFed/y5eLNSVpI4Y6MWh7cWw="},"lastRemoteEphemeralKey":"BWv4/ddwDd3Cmr03ELd/IXTaQZGa1rdOtl1hp5VFuvQ7","previousCounter":0,"rootKey":"cgB2S78wkyz2dSeAigjRtlwySD0zt7hvrt/l9g+ptV8="},"indexInfo":{"baseKey":"BTGJLKVLp0AQyE4F7U8/sCx7tReYYffaVFnQJc7IS2wh","baseKeyType":1,"closed":-1,"used":1750592180584,"created":1750592180584,"remoteIdentityKey":"BfJQ0Y6a8vi4440JuMpwaB/pcXTttco95PjvnCaJwbJo"},"_chains":{"BVvkJIKWO4C/IFtfTdJXZTva0k5tFXZMO6rhzU+AfT03":{"chainKey":{"counter":0,"key":"0yUs0W0KLTTZwr+qxH20mvaupbaWrx9ZdM6FTJj03w8="},"chainType":1,"messageKeys":{}}},"pendingPreKey":{"signedKeyId":2,"baseKey":"BTGJLKVLp0AQyE4F7U8/sCx7tReYYffaVFnQJc7IS2wh","preKeyId":5707879}}},"version":"v1"}