{"_sessions":{"Bb50WCQyOlxI75ByqyIBlo6E6anv3FFc2qBFj+A59qRE":{"registrationId":237265553,"currentRatchet":{"ephemeralKeyPair":{"pubKey":"Bdyb0iieXnyVrgNBJf5tCsyIlTaZbB+CwaaXhGeHWIEH","privKey":"mPJPxhhSAyJ164RhmXTHRAbVU+5j+KoN3gOV0b2irk0="},"lastRemoteEphemeralKey":"BX1KstecRp0Vx2qNG0/SlmRL3Oawuf2YyZmCuMBvEeIf","previousCounter":0,"rootKey":"0ApCrOoOG04pfOm36nbiYH8He0CuOghcJTHPUKY2eZI="},"indexInfo":{"baseKey":"Bb50WCQyOlxI75ByqyIBlo6E6anv3FFc2qBFj+A59qRE","baseKeyType":1,"closed":-1,"used":1750625847776,"created":1750592180595,"remoteIdentityKey":"BVyqiL4cadwpWmrZjTeJ5LtoIs8AOGxUoK4XHcSZm/4E"},"_chains":{"BX1KstecRp0Vx2qNG0/SlmRL3Oawuf2YyZmCuMBvEeIf":{"chainKey":{"counter":0,"key":"5/ILTMWf/gCk5YW4b/SE9aMnicwtmxiOHRGXOk2zpaU="},"chainType":2,"messageKeys":{}},"Bdyb0iieXnyVrgNBJf5tCsyIlTaZbB+CwaaXhGeHWIEH":{"chainKey":{"counter":-1,"key":"gn9Rn+KOOlvPX5zNhyNRFwvvI+BlGoLw2VO6TKgnc6g="},"chainType":1,"messageKeys":{}}}}},"version":"v1"}