{"_sessions":{"Bdsczl/ka2+RyaExmCPpBjzdsXyjhdevisTstrI8QPF7":{"registrationId":1864565414,"currentRatchet":{"ephemeralKeyPair":{"pubKey":"BVOIQYK5Yngc0VnHjT4NBOLSJ5Lxhp68Vw5sHEoKYIN4","privKey":"yNkXbeRI36FdHKxV5PrZZr/0L9P6j/65P5mkSPH+rHs="},"lastRemoteEphemeralKey":"BUYN0X+HGMKA7OyvgIJBQl8tQoXJXV2syjv5cH1eLxRI","previousCounter":0,"rootKey":"CNYm+siD+DiCFpATC0Eimr6EPWIYkdSNxcnLrwhdsSU="},"indexInfo":{"baseKey":"Bdsczl/ka2+RyaExmCPpBjzdsXyjhdevisTstrI8QPF7","baseKeyType":2,"closed":-1,"used":1750600009003,"created":1750593716113,"remoteIdentityKey":"BR/8x4MnGTHxMnx4bGKHPFPoypNvOHlJ53PD9+ND3WdP"},"_chains":{"Be01lRHYSVv1UwXR0zX3o8cE5eW5xPkJJWj/EgtJJWYY":{"chainKey":{"counter":0},"chainType":2,"messageKeys":{}},"BfbOZwfZGLus7Qul9Z8M9iFuQbbn/n8Yz02psoB+wAly":{"chainKey":{"counter":0},"chainType":2,"messageKeys":{}},"BWHtgQzAU+AqgCbBAsPpNrKldKJpnB4OanyEAxoteqph":{"chainKey":{"counter":0},"chainType":2,"messageKeys":{}},"BTVoftbiYONs35oO17/N9PTnHN4mKnsoQewT2tu4Zq08":{"chainKey":{"counter":0},"chainType":2,"messageKeys":{}},"BUjeUCcQLdXSUxmLzR0vulEaoohSBiTcZvyJJ8+dD3YM":{"chainKey":{"counter":0},"chainType":2,"messageKeys":{}},"BT2EzvlgbNvrpjuK6XaxEFt7b/+nzXkTfJtbmgEQ5LM2":{"chainKey":{"counter":0},"chainType":2,"messageKeys":{}},"BVAfd7/ndhQ1VWsiNBQvyjwQ45A6VM8rZ0aXkooRZPAO":{"chainKey":{"counter":0},"chainType":2,"messageKeys":{}},"BSyIplEKxfF68gb7nTdlmMmQ5Sxm+0F58joa88pON2xK":{"chainKey":{"counter":0},"chainType":2,"messageKeys":{}},"Bb55uAectT48Hq+yFw/mHkaW9GPOna7X4iMCYBL5BGEl":{"chainKey":{"counter":0},"chainType":2,"messageKeys":{}},"BeJBg2gzRrQDDLu4zhjO6Abo808indcMtrg5iaGqtmEh":{"chainKey":{"counter":0},"chainType":2,"messageKeys":{}},"BUuZXT5v9oKhT+nVY7sZv4PUTa6+9Ob8my2xc9hSmDls":{"chainKey":{"counter":0},"chainType":2,"messageKeys":{}},"BYWZFIyETkfp7R4LW4GcjQnw98l8Yc5myn+roO+bQ1hs":{"chainKey":{"counter":0},"chainType":2,"messageKeys":{}},"BWWAsCh3jF2HQUo5sh8ucg9EXVu0bqwmsUrw4QDD+1s1":{"chainKey":{"counter":0},"chainType":2,"messageKeys":{}},"BUYN0X+HGMKA7OyvgIJBQl8tQoXJXV2syjv5cH1eLxRI":{"chainKey":{"counter":0,"key":"yEksukrmArg1b0TNA8x/WdWAKzvJ8/BIyg0BIarGJhU="},"chainType":2,"messageKeys":{}},"BVOIQYK5Yngc0VnHjT4NBOLSJ5Lxhp68Vw5sHEoKYIN4":{"chainKey":{"counter":0,"key":"YUADogVtfwNylx2fWzGfkkAfh1yQTg3IAutBjgNh2/c="},"chainType":1,"messageKeys":{}}}}},"version":"v1"}