{"_sessions":{"BV4LVegnbbFIgacvu7LP4sdY/l9ZxhwICvWwic/achk8":{"registrationId":1835,"currentRatchet":{"ephemeralKeyPair":{"pubKey":"BUGuToiX4xdXD2KWXVCtImsEVB81tbE2CnuCNE8i8z9L","privKey":"AKz0fuy6WJFhmGWl/eD+81ZdS2Fa6q/HOJmeK7KKfX4="},"lastRemoteEphemeralKey":"Bc8TYGTvlgA5nax8v1O6p2eLFtZvFimUZVzewGZDGNEX","previousCounter":0,"rootKey":"DbJNMBmUNjzoPwnX7W7QUSJI5auLTSvUnokZdc9WKr4="},"indexInfo":{"baseKey":"BV4LVegnbbFIgacvu7LP4sdY/l9ZxhwICvWwic/achk8","baseKeyType":1,"closed":-1,"used":1750592180653,"created":1750592180653,"remoteIdentityKey":"BUWSbhJ8hgPShx4OD+ajI3XG2s9mscQ18MtNyc2FnDlB"},"_chains":{"BUGuToiX4xdXD2KWXVCtImsEVB81tbE2CnuCNE8i8z9L":{"chainKey":{"counter":0,"key":"7rBaJvhZxE+Hw+IIy62mOuT+cjlOakQLlRhiIBAru2w="},"chainType":1,"messageKeys":{}}},"pendingPreKey":{"signedKeyId":1,"baseKey":"BV4LVegnbbFIgacvu7LP4sdY/l9ZxhwICvWwic/achk8","preKeyId":611}}},"version":"v1"}