{"_sessions":{"BXQqMYeYK/rlCC/y5MSoMZ+Goz1SYNFNh+uJgd07F7Mu":{"registrationId":165,"currentRatchet":{"ephemeralKeyPair":{"pubKey":"BWBZq4IyimWep0/wlvz1/WwxChLKqCylyECm/vo6ajZC","privKey":"WGo1YfwjAFcVJ7jbgzDgmfIBkCK7mEfHLFoDz6xLTls="},"lastRemoteEphemeralKey":"BRLQ1pbwXw2HvWzEmqvMZFtaxWPTys2piWwUN5nPmEdO","previousCounter":0,"rootKey":"FoOp6C0oX2bLyjBvgcedL8ryaJAdZ9mDDq/mOqMeh4I="},"indexInfo":{"baseKey":"BXQqMYeYK/rlCC/y5MSoMZ+Goz1SYNFNh+uJgd07F7Mu","baseKeyType":1,"closed":-1,"used":1750592180631,"created":1750592180631,"remoteIdentityKey":"BbIwc5lRAC82Fpdu/5udcy83Rbc+XqpmGl2+hA5X7phg"},"_chains":{"BWBZq4IyimWep0/wlvz1/WwxChLKqCylyECm/vo6ajZC":{"chainKey":{"counter":1,"key":"9HW2F+ybv3lQmaPoRMNI+5RB+8y/LZhwh5Eu4IkiM8A="},"chainType":1,"messageKeys":{}}},"pendingPreKey":{"signedKeyId":1,"baseKey":"BXQqMYeYK/rlCC/y5MSoMZ+Goz1SYNFNh+uJgd07F7Mu","preKeyId":3}}},"version":"v1"}