{"_sessions":{"BeL3l0mxGoSDwoiflJ+1pEOTbAns14E0eR2oMPwen98U":{"registrationId":268597697,"currentRatchet":{"ephemeralKeyPair":{"pubKey":"BUMYnoePKxgvjP8I95ml/k1ZdJmfT9Luv7dWB04g8W4B","privKey":"KJlWGYil5wlpbThHzMxxrDoIPn4J9rMBt/gP4kjbdk4="},"lastRemoteEphemeralKey":"BXp4llAwGeHZ5/iM0565tuLi2GCuQ9Aa3K49/IF5HN1w","previousCounter":0,"rootKey":"eO++ihdtZ+0Vqe3G8jqIZ1cicZIx0ZKvhscHJMt1TlY="},"indexInfo":{"baseKey":"BeL3l0mxGoSDwoiflJ+1pEOTbAns14E0eR2oMPwen98U","baseKeyType":2,"closed":1750590977498,"used":1750590525215,"created":1750590041160,"remoteIdentityKey":"BQKzQgU5GKyVNOALxg1Da1JrdrvWWWlVXV/MAXjpz9FJ"},"_chains":{"BSnG16S+eZB2WXYXCAg4X0oS5rP3TfT526XvX/33E3Vz":{"chainKey":{"counter":0},"chainType":2,"messageKeys":{}},"BVfLvpb8DewvUI78krujLjhC2Fxn90tLNCofviIHPfZP":{"chainKey":{"counter":0},"chainType":2,"messageKeys":{}},"BSqNm+u+cv1ZGxvUMl+CX0oCKluWEfWYTlguqm550PET":{"chainKey":{"counter":0},"chainType":2,"messageKeys":{}},"BZMd2aHha57xlYFSzA+2im2agY+A/EJTOKrOOy0ZwcFS":{"chainKey":{"counter":0},"chainType":2,"messageKeys":{}},"BTWjnJ55KsQWugbb3E8DdjT+DCHrWfA2QVj7OYt60Qk9":{"chainKey":{"counter":0},"chainType":2,"messageKeys":{}},"BQ+XbYtdftotMUJ9dTu48F2ZRWBV8nnmtcW5dkQBL8QZ":{"chainKey":{"counter":0},"chainType":2,"messageKeys":{}},"BXp4llAwGeHZ5/iM0565tuLi2GCuQ9Aa3K49/IF5HN1w":{"chainKey":{"counter":0,"key":"6TcJEjNRA1jM2i2e9UkQDNRY7LXXSuPcUCG6qhuGFz8="},"chainType":2,"messageKeys":{}},"BUMYnoePKxgvjP8I95ml/k1ZdJmfT9Luv7dWB04g8W4B":{"chainKey":{"counter":0,"key":"PprYQYX9/eTeVqmMi0txiWu0HrucGZcAsyHtPyjgHF4="},"chainType":1,"messageKeys":{}}}},"Bah1y4ff4CGAFzsQWKjVWilCUouemPqtnt0U3rzu6MJl":{"registrationId":268597697,"currentRatchet":{"ephemeralKeyPair":{"pubKey":"BedFJiualS0LOx6ZQfdwPhf/3b0szOuBteN3hxQNclJr","privKey":"oMH2BT2iXkW91Vjb+EQLm/ntsf34v8Rjuk7aKz+YPXk="},"lastRemoteEphemeralKey":"BZ2XIfQszFDi+pMO5POm9vehLrD5m//h8LkJErUnnXlU","previousCounter":0,"rootKey":"Ni3ZwY7P3NZfnUSzzlrk0UECTkbm8JjK3QJiy1G1QVM="},"indexInfo":{"baseKey":"Bah1y4ff4CGAFzsQWKjVWilCUouemPqtnt0U3rzu6MJl","baseKeyType":2,"closed":1750599030797,"used":1750591779126,"created":1750590977518,"remoteIdentityKey":"BQKzQgU5GKyVNOALxg1Da1JrdrvWWWlVXV/MAXjpz9FJ"},"_chains":{"BUSmIv69sOc3SFd+1FkTijO77VI5+I+bjFhiIhJ8Fptt":{"chainKey":{"counter":0},"chainType":2,"messageKeys":{}},"BZLObjo6a0Ok1A3zz/D7SjTpHdzp12IIZbmDy27yk3dG":{"chainKey":{"counter":0},"chainType":2,"messageKeys":{}},"Bf5ar/pF8Hncsq9zsl5lrVyF1ds/97/q6pmOujoWFBYO":{"chainKey":{"counter":0},"chainType":2,"messageKeys":{}},"BaKp8GPK+baS/980JcaTw362cqkg8YMd9xugg4Tt1SMZ":{"chainKey":{"counter":0},"chainType":2,"messageKeys":{}},"BZ2XIfQszFDi+pMO5POm9vehLrD5m//h8LkJErUnnXlU":{"chainKey":{"counter":0,"key":"ilPoiPFiUHuJ3ipUiNRxKn6mtUw/XBEeztCPryH2Q/4="},"chainType":2,"messageKeys":{}},"BedFJiualS0LOx6ZQfdwPhf/3b0szOuBteN3hxQNclJr":{"chainKey":{"counter":0,"key":"RouHo9lQSGKIr4PzHOe5xQvNYL0tj7Od0GaflqK9r7M="},"chainType":1,"messageKeys":{}}}},"BdOyUh/Dw+M4vC9REACDd+T/jkYTM0BXsv6Y2tgakfwv":{"registrationId":268597697,"currentRatchet":{"ephemeralKeyPair":{"pubKey":"BelirafBuLz/csYPhSAqlO6XZQfzjyUyb9b8tvnLIblE","privKey":"YCKuTsAKqPAdMD6Jxb7nVWUe4M+Z4n4sIaulqjeGaUM="},"lastRemoteEphemeralKey":"BTgtEYGTI+CpVqO9fRIBa6jWE/PFN+zN896xYXoTdaAX","previousCounter":0,"rootKey":"dPM14ioS82jU+44BSqwsf9OQcws5KRGquKeljzg+ahQ="},"indexInfo":{"baseKey":"BdOyUh/Dw+M4vC9REACDd+T/jkYTM0BXsv6Y2tgakfwv","baseKeyType":2,"closed":-1,"used":1750625916636,"created":1750599030816,"remoteIdentityKey":"BQKzQgU5GKyVNOALxg1Da1JrdrvWWWlVXV/MAXjpz9FJ"},"_chains":{"BeWlY3akagdlp4J7Qmbmqxi2JHvD4rWys9XNPaKLxpx1":{"chainKey":{"counter":0},"chainType":2,"messageKeys":{}},"BTgtEYGTI+CpVqO9fRIBa6jWE/PFN+zN896xYXoTdaAX":{"chainKey":{"counter":0,"key":"9oSWhwqNePqJABBc/HEchOi+LQkTL2gNcpJuv+r1vYE="},"chainType":2,"messageKeys":{}},"BelirafBuLz/csYPhSAqlO6XZQfzjyUyb9b8tvnLIblE":{"chainKey":{"counter":0,"key":"YBZdEOlmclPIjybkZdWHoSMSfM1s2uemYZHpH3H+g1o="},"chainType":1,"messageKeys":{}}}}},"version":"v1"}