{"_sessions":{"BV5N1ubkSIpb3HQH9XXLCwyibkKwzMAZZDe+h8JV76xT":{"registrationId":1836053787,"currentRatchet":{"ephemeralKeyPair":{"pubKey":"BS97MeYr8f5L4htCApHXtf7wpRCe3C3EUFEZbFenKXt3","privKey":"oFrZROzyzIiVvHgM+CdnLUsunoqadrMNn372IspPVkY="},"lastRemoteEphemeralKey":"BRs8dDxHBrC/7y1fBJhGcdHcmSjj1cSLdNP2gTqqaXA/","previousCounter":0,"rootKey":"V/20lbP0u02nTVbLd0LlsSWcPfTOWFaRLOO1ZT0har4="},"indexInfo":{"baseKey":"BV5N1ubkSIpb3HQH9XXLCwyibkKwzMAZZDe+h8JV76xT","baseKeyType":1,"closed":-1,"used":1750592180646,"created":1750592180646,"remoteIdentityKey":"BYGhD9bkNOHmQuASWqsY6+rTgiXG/zB00O+uPuuUeJZf"},"_chains":{"BS97MeYr8f5L4htCApHXtf7wpRCe3C3EUFEZbFenKXt3":{"chainKey":{"counter":0,"key":"ukal4ClBmzf59zJt5TNU1Ubnpy3durg5kITSrkqJHXc="},"chainType":1,"messageKeys":{}}},"pendingPreKey":{"signedKeyId":1,"baseKey":"BV5N1ubkSIpb3HQH9XXLCwyibkKwzMAZZDe+h8JV76xT","preKeyId":1011}}},"version":"v1"}