{"_sessions":{"BWZARB5IC6Kl91HO5C1bSqzFf50AsJzeJ1yyFxkO0/Ue":{"registrationId":613082688,"currentRatchet":{"ephemeralKeyPair":{"pubKey":"BTjTAsmcoelmrpwEOV85OGje6ouMkBtXNtaNvLlRORQu","privKey":"OH29oiBeTTFTa0CLczHU6Dfg4VnUS6RWKiBhXK7bLEo="},"lastRemoteEphemeralKey":"BQBGDWCrK0joeB1w6Hez/Sgz/oISOSaq3EqwkHp+1+wy","previousCounter":0,"rootKey":"zXF67dFYkh+fy/XyLhfSFhn8oGbIWs30e7jpJEcrmdg="},"indexInfo":{"baseKey":"BWZARB5IC6Kl91HO5C1bSqzFf50AsJzeJ1yyFxkO0/Ue","baseKeyType":1,"closed":-1,"used":1750603123991,"created":1750592180551,"remoteIdentityKey":"BbH6KvQHO7AoWCMRpShRrrBy3+8s0kbFQMnXZkOWq3g7"},"_chains":{"BQBGDWCrK0joeB1w6Hez/Sgz/oISOSaq3EqwkHp+1+wy":{"chainKey":{"counter":0,"key":"FQT9OWF0xZpEDXZzFgj3KhhcrTPCyu2DafAPLDwB9Vc="},"chainType":2,"messageKeys":{}},"BTjTAsmcoelmrpwEOV85OGje6ouMkBtXNtaNvLlRORQu":{"chainKey":{"counter":-1,"key":"QJe7dxbr0MRNCeK/kseOzn/INjQWzLbKUNEFFyFdr34="},"chainType":1,"messageKeys":{}}}}},"version":"v1"}