{"_sessions":{"BV2LF2f/kSKRydB+XztyJvhJZOIuNV9O1/OOCcwc6ORF":{"registrationId":778955491,"currentRatchet":{"ephemeralKeyPair":{"pubKey":"BRs0ASyZe4KqiDdH8s+khd8VDzo6DQVoMgD8hsk5lHNR","privKey":"KFvGb9n+x6x/Zr2H3KDQUefe91nDkKD48b5O8gWnZkI="},"lastRemoteEphemeralKey":"BV1alIq97BrcQ8l0HFBilNb1tczDrUdQ2PX/d9W79BsO","previousCounter":0,"rootKey":"7gGcBbt6bBs3geXwyNjcbot/x8rh/gD9u67Nra4c8V8="},"indexInfo":{"baseKey":"BV2LF2f/kSKRydB+XztyJvhJZOIuNV9O1/OOCcwc6ORF","baseKeyType":2,"closed":1750631400953,"used":1750590933114,"created":1750590933114,"remoteIdentityKey":"BWsQ/EA2DQkAXsty7Rz6Dqxtal//IBgJ4HlPnyi0jlh0"},"_chains":{"BV1alIq97BrcQ8l0HFBilNb1tczDrUdQ2PX/d9W79BsO":{"chainKey":{"counter":0,"key":"skakgfN98hQPdg19V4XmRg/w81oCNECkzhSo+Uz6HI8="},"chainType":2,"messageKeys":{}},"BRs0ASyZe4KqiDdH8s+khd8VDzo6DQVoMgD8hsk5lHNR":{"chainKey":{"counter":0,"key":"q4S/rtHI6gkLOwSLrAT07iewr6s3NepwKapb5dutyNw="},"chainType":1,"messageKeys":{}}}},"BWAIz+6fbg+o7fDXCNfUGQimdL4dCnkQtQ80oYMlIVMR":{"registrationId":778955491,"currentRatchet":{"ephemeralKeyPair":{"pubKey":"BVkF6OhzwvGqsfXY9SC4sttmXyneQPHDFOfeTMbnCN13","privKey":"gGq0cj5wA3jvQa7KYwOTnMaTJx3tFkzU5ZF/+BsjFEE="},"lastRemoteEphemeralKey":"BSctMr5UgpGLkgV7qXWKuCFq6INVIsQqQ6NR6oHDjZE0","previousCounter":0,"rootKey":"qfH8eF2/S1g6sN/wsW8/WFDqWaENnO2BqTygyiK359k="},"indexInfo":{"baseKey":"BWAIz+6fbg+o7fDXCNfUGQimdL4dCnkQtQ80oYMlIVMR","baseKeyType":1,"closed":1750631471273,"used":1750631400911,"created":1750631400911,"remoteIdentityKey":"BWsQ/EA2DQkAXsty7Rz6Dqxtal//IBgJ4HlPnyi0jlh0"},"_chains":{"BVkF6OhzwvGqsfXY9SC4sttmXyneQPHDFOfeTMbnCN13":{"chainKey":{"counter":-1,"key":"dqjOcHfVL3BnDQrnPmDf0lv9Si6HTvsp5xMlvbOcpRY="},"chainType":1,"messageKeys":{}}},"pendingPreKey":{"signedKeyId":15487085,"baseKey":"BWAIz+6fbg+o7fDXCNfUGQimdL4dCnkQtQ80oYMlIVMR","preKeyId":2641}},"BRfvi91+OFViL1+Q35OeMqoXJgEX9aliBnRg18iE/DNt":{"registrationId":778955491,"currentRatchet":{"ephemeralKeyPair":{"pubKey":"Bc1jAnWqZD3yg/vzUOKUYDUUo8ZfiJviKBApATqtDX0A","privKey":"IPs5H03F3TK49PJ1XainKxFx715xEAlg9/Gp31JnYG0="},"lastRemoteEphemeralKey":"BSctMr5UgpGLkgV7qXWKuCFq6INVIsQqQ6NR6oHDjZE0","previousCounter":0,"rootKey":"OV/Wne2PNGEtp6UcVb59J8vc2AQLUXWAstzBl998L3s="},"indexInfo":{"baseKey":"BRfvi91+OFViL1+Q35OeMqoXJgEX9aliBnRg18iE/DNt","baseKeyType":1,"closed":1750632812806,"used":1750631471264,"created":1750631471264,"remoteIdentityKey":"BWsQ/EA2DQkAXsty7Rz6Dqxtal//IBgJ4HlPnyi0jlh0"},"_chains":{"Bc1jAnWqZD3yg/vzUOKUYDUUo8ZfiJviKBApATqtDX0A":{"chainKey":{"counter":-1,"key":"hgkl36p77D4GwNw+XSYc+C2jk+MjALLdNwm11W3oR1o="},"chainType":1,"messageKeys":{}}},"pendingPreKey":{"signedKeyId":15487085,"baseKey":"BRfvi91+OFViL1+Q35OeMqoXJgEX9aliBnRg18iE/DNt","preKeyId":2506}},"BdlNigaUefMA1CzsXMinkKtu23zebLgHwqS4Ug/l/3pN":{"registrationId":778955491,"currentRatchet":{"ephemeralKeyPair":{"pubKey":"BYF31nLUi8Cs3QoSD8suSg0lA+R5UJOd8+G5KlQodnET","privKey":"GC+CG9w3LwbUjXWwlm8NslevPi1b39fBcfrPATp3gF4="},"lastRemoteEphemeralKey":"BY5i4gyRmXSkYV6j0krqc8kMMMQ2HWMmPOKhHROr4osU","previousCounter":0,"rootKey":"wThLg2miqzpjMZUvsokV/oDA35lSoiShoODprKoLG0M="},"indexInfo":{"baseKey":"BdlNigaUefMA1CzsXMinkKtu23zebLgHwqS4Ug/l/3pN","baseKeyType":2,"closed":-1,"used":1750632812816,"created":1750632812816,"remoteIdentityKey":"BWsQ/EA2DQkAXsty7Rz6Dqxtal//IBgJ4HlPnyi0jlh0"},"_chains":{"BY5i4gyRmXSkYV6j0krqc8kMMMQ2HWMmPOKhHROr4osU":{"chainKey":{"counter":1,"key":"BA5mUbKhxmd4tATsuBlwnssOlqmNX+8fKN7Wep3VYZU="},"chainType":2,"messageKeys":{}},"BYF31nLUi8Cs3QoSD8suSg0lA+R5UJOd8+G5KlQodnET":{"chainKey":{"counter":-1,"key":"q1+zsH4wk26h8SqDDornjOm73RWJ25zux9hMuHEBtXY="},"chainType":1,"messageKeys":{}}}}},"version":"v1"}