{"_sessions":{"BbhjyGRK8ot05cIZEDMZtiHjp7rJoxRJG5l7ExPniusz":{"registrationId":391832072,"currentRatchet":{"ephemeralKeyPair":{"pubKey":"BZ69lfUOr7E44B+mPShVsV2poVHLrUniiCGBRjS5NMFm","privKey":"aDR1I1Hbciz/BhWEmlf4yt5Gud7KhvhoksvUYTkX6E0="},"lastRemoteEphemeralKey":"BQ+h1ZYfkBbQIdAE6Hw10cSV2WeNV7bZItbY9Nvs0ppk","previousCounter":0,"rootKey":"57U7dMn9qGulqPwWab3NRc7uaBk5/briPOkBLdWa8Es="},"indexInfo":{"baseKey":"BbhjyGRK8ot05cIZEDMZtiHjp7rJoxRJG5l7ExPniusz","baseKeyType":1,"closed":-1,"used":1750625848023,"created":1750592180611,"remoteIdentityKey":"BdtmBT/B4OJj/2lvRE017n/w2Si/Ey6czSl5YQz3I7Ax"},"_chains":{"BQ+h1ZYfkBbQIdAE6Hw10cSV2WeNV7bZItbY9Nvs0ppk":{"chainKey":{"counter":0,"key":"j70f5yXkzvqhhMIH7MK/mhDvNvMAuTZO64BoyQ3Ddx8="},"chainType":2,"messageKeys":{}},"BZ69lfUOr7E44B+mPShVsV2poVHLrUniiCGBRjS5NMFm":{"chainKey":{"counter":-1,"key":"6NxexlJ69TQMWHPN/7jfuQGOasVuxi51ODFOtggCyQc="},"chainType":1,"messageKeys":{}}}}},"version":"v1"}