{"_sessions":{"BYwkIbm1ZShOj99JkBggvEvH2Ham1ic57PVO+SE1R/Ai":{"registrationId":1152040464,"currentRatchet":{"ephemeralKeyPair":{"pubKey":"BZhXd7VliIo7w8jEU99QVTFtAWV5+f0hMxkrHnd1XNVi","privKey":"oFTmNazZfbC6WSuvexkxUgpn1CFnzfM+wPTN2vNuXGU="},"lastRemoteEphemeralKey":"BcazFC9hpOZT0QpXQucy3cSkFTf+X3S7TL9NF6gFJrQ7","previousCounter":0,"rootKey":"xp5DuuWWHRneFM8p8jJ3Rl5pCGy584lGzMrmJT2FgMc="},"indexInfo":{"baseKey":"BYwkIbm1ZShOj99JkBggvEvH2Ham1ic57PVO+SE1R/Ai","baseKeyType":2,"closed":-1,"used":1750591945606,"created":1750591945606,"remoteIdentityKey":"BdpeX3Kjl/mxrTUZFCzbnXwazhloE46QPdUvlbzpFyFX"},"_chains":{"BcazFC9hpOZT0QpXQucy3cSkFTf+X3S7TL9NF6gFJrQ7":{"chainKey":{"counter":0,"key":"qYWygBWiEfS7injdcA2tYzcijvIcmRvLOL+rCUmVPC4="},"chainType":2,"messageKeys":{}},"BZhXd7VliIo7w8jEU99QVTFtAWV5+f0hMxkrHnd1XNVi":{"chainKey":{"counter":0,"key":"1+C9fGwBwB8KROhAWx9npWGHEjTENunq4J1qm+kseug="},"chainType":1,"messageKeys":{}}}}},"version":"v1"}