{"_sessions":{"BcimxXe4pyKsOfWCXlHk5Zl2QVZyBcoJI84/AZnht41u":{"registrationId":1609070600,"currentRatchet":{"ephemeralKeyPair":{"pubKey":"BVUXR96Z2QNONLbVPvFPyPLLUxvGQQQFmwhV5d0Jil1v","privKey":"gKrpBT7tWtVw+rjRm8E8+N+W6JsH92iQOdoJM0s+Jkc="},"lastRemoteEphemeralKey":"BUlTYVTY9s7zJ6Ac+2d1Q/WLDCcxFoisQ9bXElymld1i","previousCounter":1,"rootKey":"zgL3qP7MZ/7pXLf6IUP6YRemJRfSr/Hh/h1GTtwqHYw="},"indexInfo":{"baseKey":"BcimxXe4pyKsOfWCXlHk5Zl2QVZyBcoJI84/AZnht41u","baseKeyType":2,"closed":-1,"used":1750663300834,"created":1750589993708,"remoteIdentityKey":"Be/FBK0NIoxSTR1IscWSUJ0NNP17fMvtQ8DYqdODHWQi"},"_chains":{"BZcv976z0a4KMBwe8wNaOZMriPWJGWfptO1hGvorufx+":{"chainKey":{"counter":8},"chainType":2,"messageKeys":{}},"BQvdIhSgyDVPoiTDbYGRYv2SPwbSrxoM75oH04JYwJBR":{"chainKey":{"counter":1},"chainType":2,"messageKeys":{}},"BYDSnNXmCa5jXe41n01D6ridnpyh3aQyiUqEINXH+R1R":{"chainKey":{"counter":5},"chainType":2,"messageKeys":{}},"BTVpdm2KFCPBgvHSUCaDfvb/b3doJZykkg8BIWh1MAE7":{"chainKey":{"counter":0},"chainType":2,"messageKeys":{}},"BYFiuE4ONltY8YmFhf+Vnszh1bFa3wATcuJaePLCCWQL":{"chainKey":{"counter":0},"chainType":2,"messageKeys":{}},"Ba1vl6k28lWQrzyKmgKEsHF0sdlzSl81lmDGTjBWLC1D":{"chainKey":{"counter":1},"chainType":2,"messageKeys":{}},"BUlTYVTY9s7zJ6Ac+2d1Q/WLDCcxFoisQ9bXElymld1i":{"chainKey":{"counter":2,"key":"PCI6Lxbi+N53Hi7tfNPHyQxrpnKY+SNOhQIf5NxxCe8="},"chainType":2,"messageKeys":{"0":"mN+hWg5UBhup3k+uDe2ZcgWUfxi39VDbGijuZyyrL3Y=","1":"ASC1hi8KuRnpEOloBexjLfWobOqjyzyXjuNjiWkUtYk="}},"BVUXR96Z2QNONLbVPvFPyPLLUxvGQQQFmwhV5d0Jil1v":{"chainKey":{"counter":-1,"key":"AD1uLvGHN9l8DqfFQufAAkye9UXLKSY59UF77dGnSjg="},"chainType":1,"messageKeys":{}}}}},"version":"v1"}