{"_sessions":{"BSWbnR03KRsYYE5z3z65/hZqFnkq9zOaQhAC9WbYM0k8":{"registrationId":1788774550,"currentRatchet":{"ephemeralKeyPair":{"pubKey":"BShSVsnyZxBS0DZXsN859nU3izSQMxhnj272q2duo9BX","privKey":"IC8dZC9JYmMj7tM2bJnRlWNp6aslpp9bVI6ps+tg12E="},"lastRemoteEphemeralKey":"Ba98z0uJeeazRgs5BnOK7e3/XmuRl7zlQwjCmeiaQRl0","previousCounter":0,"rootKey":"FjOZfflKikzPeZIVC/n90W3/v/ISyjpLqcAMuGCS1w4="},"indexInfo":{"baseKey":"BSWbnR03KRsYYE5z3z65/hZqFnkq9zOaQhAC9WbYM0k8","baseKeyType":1,"closed":-1,"used":1750628929081,"created":1750592180617,"remoteIdentityKey":"BbGy0kj18/rwum+Jn6wtT9/gTyLv02atGSbpAha7PC1H"},"_chains":{"Ba98z0uJeeazRgs5BnOK7e3/XmuRl7zlQwjCmeiaQRl0":{"chainKey":{"counter":0,"key":"u5zbtujSKZtem6ansoio6aVMYBnd0iyJl7ISNie4m0A="},"chainType":2,"messageKeys":{}},"BShSVsnyZxBS0DZXsN859nU3izSQMxhnj272q2duo9BX":{"chainKey":{"counter":-1,"key":"wCrs5keEC4+Ziyv0pHNCNrpZpdP/+FOwy2h06Mzlbvg="},"chainType":1,"messageKeys":{}}}}},"version":"v1"}