{"_sessions":{"BUg9wLqYfa6MKX4yN53HihARGDLI3HbNKEBXOfHDrv18":{"registrationId":278583194,"currentRatchet":{"ephemeralKeyPair":{"pubKey":"BdPb1sOwNw83nJxfrPvOLE7gUuuxlgPaP+EU7i3fw6xm","privKey":"OG/4zCJxvlCPvRSPqiXqdpJX2Mg7b9XgbuZ4kFZQ4UM="},"lastRemoteEphemeralKey":"BVPRusJrm+gZD+4En2Ko4taJ+IYH1rbGed9hkBvj8shd","previousCounter":0,"rootKey":"rFigta4C8o8A8W3Rz3xRJ6zIA415htPQXlRBfLSD++0="},"indexInfo":{"baseKey":"BUg9wLqYfa6MKX4yN53HihARGDLI3HbNKEBXOfHDrv18","baseKeyType":1,"closed":-1,"used":1750631397743,"created":1750631397743,"remoteIdentityKey":"BSf6lixKeHK9aH1+Oph0nvZ+lxLM3u14fHG2A8wOAjhh"},"_chains":{"BdPb1sOwNw83nJxfrPvOLE7gUuuxlgPaP+EU7i3fw6xm":{"chainKey":{"counter":0,"key":"eTEtarCpRlKBsXTRCN/LGfVKEpPqRrIeDIfP1Njk4iE="},"chainType":1,"messageKeys":{}}},"pendingPreKey":{"signedKeyId":4,"baseKey":"BUg9wLqYfa6MKX4yN53HihARGDLI3HbNKEBXOfHDrv18","preKeyId":2325}}},"version":"v1"}