{"_sessions":{"BYU+M34jxHTErt1dOM2TE7OkxF1fl/YeDACXBb1wlHQ1":{"registrationId":2062700559,"currentRatchet":{"ephemeralKeyPair":{"pubKey":"BQOuRX+E6dfofOt5q/y5BMuObRAccyQ2pTlbsU0SfeoL","privKey":"YJYMLbDmsKncHeIqwkQQpp81AN/9tDqweLz2LHKLhUQ="},"lastRemoteEphemeralKey":"BXXRMoyPlhPhalOH4+3NscDr/Jnwv04BXa0G3ue3QCFi","previousCounter":0,"rootKey":"yVfk9xZmMWb58rnWWVX0fsSQop1NLGMXmRSC8idYT/8="},"indexInfo":{"baseKey":"BYU+M34jxHTErt1dOM2TE7OkxF1fl/YeDACXBb1wlHQ1","baseKeyType":2,"closed":-1,"used":1750628511121,"created":1750628511121,"remoteIdentityKey":"BUPyyKq+ijJVvzjE8q1IJ0yTWSYg0Nwy6cFhqCoOVtd4"},"_chains":{"BXXRMoyPlhPhalOH4+3NscDr/Jnwv04BXa0G3ue3QCFi":{"chainKey":{"counter":1,"key":"+j7kdZoPpKfNIoAaO0sEUPPXIeutK2XKdgCth/wfBIU="},"chainType":2,"messageKeys":{}},"BQOuRX+E6dfofOt5q/y5BMuObRAccyQ2pTlbsU0SfeoL":{"chainKey":{"counter":0,"key":"lDATUnrAcbb5vc/koECdgMgs2uRB0CdnKlD7MV1vCnw="},"chainType":1,"messageKeys":{}}}}},"version":"v1"}