{"_sessions":{"BY8VUhjIKqQgCruzPPM2m5zR0clLLKu0g/+D1kmvXGR6":{"registrationId":997389272,"currentRatchet":{"ephemeralKeyPair":{"pubKey":"BU19JecZKZyNByA4T5bWAmcb3hV44Gnrh+ZBcPxPVv5X","privKey":"iGrLZ7jA8JAbzv74TESBEhEK8ZG5QwOMv79B9LEi62w="},"lastRemoteEphemeralKey":"BXjiFqU83/u3CyxwCIUcIXmqPKRGLazB7xf85ZNituVE","previousCounter":0,"rootKey":"S7plq3RHQPA7SkYGoL9j7+A0Dqk96MrrLYLDYySxe6M="},"indexInfo":{"baseKey":"BY8VUhjIKqQgCruzPPM2m5zR0clLLKu0g/+D1kmvXGR6","baseKeyType":1,"closed":-1,"used":1750592180562,"created":1750592180562,"remoteIdentityKey":"BR481EbO72SFb22SHc/pdFjUga0Rbm3kIWU/fTW1IhYh"},"_chains":{"BU19JecZKZyNByA4T5bWAmcb3hV44Gnrh+ZBcPxPVv5X":{"chainKey":{"counter":0,"key":"k48+rv40leOWWvYtBf+2b8VW/2IHvfjifD1gV2UfSh0="},"chainType":1,"messageKeys":{}}},"pendingPreKey":{"signedKeyId":1,"baseKey":"BY8VUhjIKqQgCruzPPM2m5zR0clLLKu0g/+D1kmvXGR6","preKeyId":6395153}}},"version":"v1"}