{"_sessions":{"BWCxf/DF7OT56lTzWE7gVwvXsNpLDdfTAcNOIWivmO4A":{"registrationId":988410496,"currentRatchet":{"ephemeralKeyPair":{"pubKey":"BZq4hNEVsJTW6ymCgVf5V+bCLyWoKZoQGXOdWuNzh8FE","privKey":"+A+PwJoqDk/H/74UBkVyrYe+AhfP3MgQuzI4jmfRs34="},"lastRemoteEphemeralKey":"BX6zwb5DrxlrhkJsgL3N+rIc4bW/M//UkVTsSyDRoexa","previousCounter":0,"rootKey":"uARzzvjwZYZrXMNIZCMv83vbfx/Hq6Qt7JFX6r+fRYE="},"indexInfo":{"baseKey":"BWCxf/DF7OT56lTzWE7gVwvXsNpLDdfTAcNOIWivmO4A","baseKeyType":1,"closed":-1,"used":1750592180623,"created":1750592180623,"remoteIdentityKey":"BToWkzrEly55kzRpprsl8toTfIkwPMo2Cjh6N4y+FJI4"},"_chains":{"BZq4hNEVsJTW6ymCgVf5V+bCLyWoKZoQGXOdWuNzh8FE":{"chainKey":{"counter":0,"key":"U8o6t7johiyPBeDEGdOIYXhSX6Hjm5xPFxTiwWaWB/0="},"chainType":1,"messageKeys":{}}},"pendingPreKey":{"signedKeyId":40,"baseKey":"BWCxf/DF7OT56lTzWE7gVwvXsNpLDdfTAcNOIWivmO4A","preKeyId":5144}}},"version":"v1"}