{"_sessions":{"BeXSt++r/ucr9UdkeyBLi0h3FSGOaI97b037AJsGEq4X":{"registrationId":1798229435,"currentRatchet":{"ephemeralKeyPair":{"pubKey":"BaNH5y56i9YCMJhG2NUPT+Efyzm2fxw2FCejLjTjdS8Y","privKey":"EHPeCS6ynY79uRwQbZIopKuynfaicXgfMHIr8Ve0HHM="},"lastRemoteEphemeralKey":"BcBioG4H1psjvXzDSEi1e4tzgsMu0RCdEyjd4Fvm8II4","previousCounter":0,"rootKey":"ckSuJrUYJFGB31gBI2Ql77MG0NtqAhrkClHk8OvRR3I="},"indexInfo":{"baseKey":"BeXSt++r/ucr9UdkeyBLi0h3FSGOaI97b037AJsGEq4X","baseKeyType":1,"closed":-1,"used":1750592180603,"created":1750592180603,"remoteIdentityKey":"BaiTuhYowsvglQf7yVtNw9Qctm+bKFs+MSwaPK3bvWtL"},"_chains":{"BaNH5y56i9YCMJhG2NUPT+Efyzm2fxw2FCejLjTjdS8Y":{"chainKey":{"counter":0,"key":"5exEozfIZ0MO6uGBoiClzP8drJi0DY8/oxOJiIRJZL0="},"chainType":1,"messageKeys":{}}},"pendingPreKey":{"signedKeyId":10230520,"baseKey":"BeXSt++r/ucr9UdkeyBLi0h3FSGOaI97b037AJsGEq4X","preKeyId":1322}}},"version":"v1"}