{"_sessions":{"BQ1/o+SQn2+/vV3dzQBWeUTqlI5AhKx7VjOvmD/JlF8k":{"registrationId":416790567,"currentRatchet":{"ephemeralKeyPair":{"pubKey":"BTuJPXm2J0nocCPJFcaS88oQulIXlo6UciAskE9/1Vk2","privKey":"QKqmKa37+WJDzzoXo4ghPPJmBIOwQLf1WcM6NAkWCkg="},"lastRemoteEphemeralKey":"BaYY33JIGfN4uL7iMZgrSrr6MFEHT+ZVGVBZekfsw9QY","previousCounter":0,"rootKey":"7nc/m0qlUhjwdQv6/XiGflyT1YoAVFimUbYpj4y11DM="},"indexInfo":{"baseKey":"BQ1/o+SQn2+/vV3dzQBWeUTqlI5AhKx7VjOvmD/JlF8k","baseKeyType":1,"closed":-1,"used":1750631397760,"created":1750631397760,"remoteIdentityKey":"BZS6RL7EftB6mMh9Rk6PvP0dlMDgqkb6P0k1eW9mNwIM"},"_chains":{"BTuJPXm2J0nocCPJFcaS88oQulIXlo6UciAskE9/1Vk2":{"chainKey":{"counter":0,"key":"uTOgQ7XYkfsbEMYjNXLaC5nDV+wsfgVmlOwLp7830x4="},"chainType":1,"messageKeys":{}}},"pendingPreKey":{"signedKeyId":1,"baseKey":"BQ1/o+SQn2+/vV3dzQBWeUTqlI5AhKx7VjOvmD/JlF8k","preKeyId":861}}},"version":"v1"}