{"_sessions":{"BXqN3xOeQT0sor8OdhpOMcTli/5Pmm30VeAicNcmHZM9":{"registrationId":2061589452,"currentRatchet":{"ephemeralKeyPair":{"pubKey":"BUAVvDWn7bcASIUtwk3C4QxNWhyPBSgKitLaIGYSD20s","privKey":"QFD7EkVK6I/XUg82VvZCQHWy+oyK71c9GEuhPGg1anA="},"lastRemoteEphemeralKey":"BUv+aHi2jjHWaKT3SuU7bKOn/JM49/Y7ZjNn3okiFXxY","previousCounter":0,"rootKey":"ACZjjD9vsr98Y7jmMF6O7l6XB2Ly5Yhft4QS+o/WCdM="},"indexInfo":{"baseKey":"BXqN3xOeQT0sor8OdhpOMcTli/5Pmm30VeAicNcmHZM9","baseKeyType":1,"closed":-1,"used":1750625848358,"created":1750592180569,"remoteIdentityKey":"BSxindmufBA/fsifBzTS5FPFCPHXFd79sDTRFJ+lk3AD"},"_chains":{"BUv+aHi2jjHWaKT3SuU7bKOn/JM49/Y7ZjNn3okiFXxY":{"chainKey":{"counter":0,"key":"I11Iudt79U5FHk2spK/lp28j7Uq+K+i6wOgmjhdKKn0="},"chainType":2,"messageKeys":{}},"BUAVvDWn7bcASIUtwk3C4QxNWhyPBSgKitLaIGYSD20s":{"chainKey":{"counter":-1,"key":"HQ2ZdS1LOrMFPba9yKQdrJXa4SMl8ucOv3d3bMSPbxk="},"chainType":1,"messageKeys":{}}}}},"version":"v1"}