{"_sessions":{"BelWubeMdOw/inzJ8JT8hG3kOqiHnYCg4xyBE9VvkjEa":{"registrationId":268597697,"currentRatchet":{"ephemeralKeyPair":{"pubKey":"BZ05EvCt/sATRhe0Q4Wfzg+d1E5hddj8icGXEs+sxy5G","privKey":"UCRyufYbw0Q0ODAZWXMdHn/6uEUDS9h/buETyYDWE3k="},"lastRemoteEphemeralKey":"BRmd69Ppmc3UDfnVHpQG2Rpsb37Q41q/rytLu+iFL6dx","previousCounter":0,"rootKey":"BVZA9ICZLBJNh04jAf79jehk9tE0lggwrJo2gVzXdpo="},"indexInfo":{"baseKey":"BelWubeMdOw/inzJ8JT8hG3kOqiHnYCg4xyBE9VvkjEa","baseKeyType":2,"closed":1750592053981,"used":1750590931320,"created":1750590931320,"remoteIdentityKey":"BQKzQgU5GKyVNOALxg1Da1JrdrvWWWlVXV/MAXjpz9FJ"},"_chains":{"BRmd69Ppmc3UDfnVHpQG2Rpsb37Q41q/rytLu+iFL6dx":{"chainKey":{"counter":0,"key":"WOJKaH5RWq1HvQ8+FOYOfbo2Jfa8g/gvBfnzOV23Mrs="},"chainType":2,"messageKeys":{}},"BZ05EvCt/sATRhe0Q4Wfzg+d1E5hddj8icGXEs+sxy5G":{"chainKey":{"counter":-1,"key":"/nbJdT8RWnqV5i8/nZfFF3tvx0N46hnc+PeVtddCyCM="},"chainType":1,"messageKeys":{}}}},"BZzBCiToLAPvnwb7qDlJjjbdN+3NpWM0tKc1w2Bs9Q43":{"registrationId":268597697,"currentRatchet":{"ephemeralKeyPair":{"pubKey":"BRLSwXageOXAVNkBbXTaW5hOg/QpFUKmXNsPgb0mf8xi","privKey":"YIGP7A6z963eOpecLkgesTaKEppsg55VFzYzRlmhJns="},"lastRemoteEphemeralKey":"BZICAu6B6iUZBHTT8ylHt6NxCGUIIh/LQSTEUwC/SeYf","previousCounter":1,"rootKey":"KK8nFE8n4TIGFNxD5xq8HMH1+Q6msNV5VeQDa+9/PVc="},"indexInfo":{"baseKey":"BZzBCiToLAPvnwb7qDlJjjbdN+3NpWM0tKc1w2Bs9Q43","baseKeyType":2,"closed":-1,"used":1750632805274,"created":1750592053997,"remoteIdentityKey":"BQKzQgU5GKyVNOALxg1Da1JrdrvWWWlVXV/MAXjpz9FJ"},"_chains":{"BeCKu/MRlMy2TQ3NafSH3RSQNw9UlHX5xsVpCDPgHMoV":{"chainKey":{"counter":0},"chainType":2,"messageKeys":{}},"BZICAu6B6iUZBHTT8ylHt6NxCGUIIh/LQSTEUwC/SeYf":{"chainKey":{"counter":2,"key":"GKAghJ9uNDUio7bRVNcgsweMSMgkEgJvG0e4d2hiO5k="},"chainType":2,"messageKeys":{"0":"TJ3ao21gTIdjCoohx07e7bbqXWEhqKor8hCSPPxbpRc=","1":"0KsN4jiySsMP1guIW7E1qIF1FMEeUKGjaWb4tOPCPEw="}},"BRLSwXageOXAVNkBbXTaW5hOg/QpFUKmXNsPgb0mf8xi":{"chainKey":{"counter":-1,"key":"FzuiktQmbqZYu8sx6rD9sZD/wjUPInLVGHc06eD0BIQ="},"chainType":1,"messageKeys":{}}}}},"version":"v1"}