{"_sessions":{"BS8mSZyqxFNwAGQmSjqNGKg2gIMLhCLyHQop6c2AkbkM":{"registrationId":1609070600,"currentRatchet":{"ephemeralKeyPair":{"pubKey":"BRo6Kj3Hshyxg8mvq8SB3doaSwlEj2v3BLUuVxnCOdh8","privKey":"qDBHlPsNqu+Lr6huNNNjmO28HBXp4ciU6NcxMESA7FM="},"lastRemoteEphemeralKey":"BSP9uZj3Bs4ehT+O3N25yBF4WF9BfpBo0cfNRLiD14kC","previousCounter":0,"rootKey":"3jt4erLeOeGfVxlMHd0BE0pSybMwY4bgUGnX11QuJRA="},"indexInfo":{"baseKey":"BS8mSZyqxFNwAGQmSjqNGKg2gIMLhCLyHQop6c2AkbkM","baseKeyType":1,"closed":1750663303101,"used":1750592180589,"created":1750592180589,"remoteIdentityKey":"Be/FBK0NIoxSTR1IscWSUJ0NNP17fMvtQ8DYqdODHWQi"},"_chains":{"BRo6Kj3Hshyxg8mvq8SB3doaSwlEj2v3BLUuVxnCOdh8":{"chainKey":{"counter":1,"key":"GDCjNIIf9kYXJMmRZ9vfW3MJgBzYK0OwmA+uLFnSrhQ="},"chainType":1,"messageKeys":{}}},"pendingPreKey":{"signedKeyId":0,"baseKey":"BS8mSZyqxFNwAGQmSjqNGKg2gIMLhCLyHQop6c2AkbkM","preKeyId":15564660}},"BXZHWhNOpfVfBbSxJZEO8LFzwBtQhQrhCnA1hvGuklk8":{"registrationId":1609070600,"currentRatchet":{"ephemeralKeyPair":{"pubKey":"BWti3bHBTp6JFDe3s7ZQ4WptUnHCA9VJft4LHHrrZq06","privKey":"yAe5+6ufM9xrZGDvb+Ce2seORdamz1JnCl42QJYlel0="},"lastRemoteEphemeralKey":"BZMcNC/ukbTskwz8gd7/4BxVRM58cFkBf7y1TUCcPSIx","previousCounter":0,"rootKey":"buytYrNZ6clEiPusgHTg6HjWEVdfMI3pPi3gBPAwGVY="},"indexInfo":{"baseKey":"BXZHWhNOpfVfBbSxJZEO8LFzwBtQhQrhCnA1hvGuklk8","baseKeyType":2,"closed":-1,"used":1750663303120,"created":1750663303120,"remoteIdentityKey":"Be/FBK0NIoxSTR1IscWSUJ0NNP17fMvtQ8DYqdODHWQi"},"_chains":{"BZMcNC/ukbTskwz8gd7/4BxVRM58cFkBf7y1TUCcPSIx":{"chainKey":{"counter":1,"key":"I+7qrvxYuzF1XnCFtAXPz2xOa/a7gUlj+OUZfTcOfEs="},"chainType":2,"messageKeys":{}},"BWti3bHBTp6JFDe3s7ZQ4WptUnHCA9VJft4LHHrrZq06":{"chainKey":{"counter":-1,"key":"XOY51W4b2TF6HTqHfD+ZzTOLG4qdveD6OZ+OwoChs/w="},"chainType":1,"messageKeys":{}}}}},"version":"v1"}