{"_sessions":{"BcpjWKlfG/p9B1wt95V2B1zRgHAzWK+YiwgP7GkMQn8p":{"registrationId":282206923,"currentRatchet":{"ephemeralKeyPair":{"pubKey":"BbIEYW5L5ioifyRPA3ZXsLYMyRIiUoiyRK3FywpEXpB0","privKey":"cAa5wptyzTuMdUCZEE/caNEJ7T9EzNPC8DIMH+PWj3w="},"lastRemoteEphemeralKey":"BUvbMS5pLxp0bB+HWogAKBZN/4loXhmlCQSnjxZhQ1Ai","previousCounter":0,"rootKey":"VCjn0MjbjqSuhz81RpoaUTNmmrRfkgM5M6Xg57bDTHQ="},"indexInfo":{"baseKey":"BcpjWKlfG/p9B1wt95V2B1zRgHAzWK+YiwgP7GkMQn8p","baseKeyType":2,"closed":-1,"used":1750590972385,"created":1750590972385,"remoteIdentityKey":"BX9CePfi5gnPc8H7ErhGITt9lKEAZ5Dive/WkWEOZNU4"},"_chains":{"BUvbMS5pLxp0bB+HWogAKBZN/4loXhmlCQSnjxZhQ1Ai":{"chainKey":{"counter":1,"key":"at6bdCmQtWSn6KccwswXXzFPVxdZytv2Rob2iRYQvUQ="},"chainType":2,"messageKeys":{}},"BbIEYW5L5ioifyRPA3ZXsLYMyRIiUoiyRK3FywpEXpB0":{"chainKey":{"counter":0,"key":"3gxnKQ/NLtTPPqxf7DgCuWOp6kRGKudwYZgKwtk/sjY="},"chainType":1,"messageKeys":{}}}}},"version":"v1"}