{"_sessions":{"BYHiwpV9C2qBaYF+f3naeE/rsNzSeNTei3YzrtcCw35n":{"registrationId":31772766,"currentRatchet":{"ephemeralKeyPair":{"pubKey":"BX+ScSDvESsNfWhLKUub66JZ6tZdJ7k/PSECVXHhMS9e","privKey":"2EcYijC0PdsZEVDqtdKA6/VxVSx9hs4qnMMeFfDFFUw="},"lastRemoteEphemeralKey":"BUAWQqE6w1dvcQh57+X5kRhYG0NaKQE0togw5sDvKr0X","previousCounter":0,"rootKey":"L1Rklk57F9CRVDduEGWpJIj1PdI8Z5gvtfGljpc88p8="},"indexInfo":{"baseKey":"BYHiwpV9C2qBaYF+f3naeE/rsNzSeNTei3YzrtcCw35n","baseKeyType":2,"closed":-1,"used":1750590922837,"created":1750590922837,"remoteIdentityKey":"BRYgD6o0w5ad/6s8zyWOkWjBD5DdCJ/19O37QaH/K0BG"},"_chains":{"BUAWQqE6w1dvcQh57+X5kRhYG0NaKQE0togw5sDvKr0X":{"chainKey":{"counter":1,"key":"l7ui3KFDWG4ydZkmeYpFq7WBg4wYRiVmzVt2gMSjmbE="},"chainType":2,"messageKeys":{}},"BX+ScSDvESsNfWhLKUub66JZ6tZdJ7k/PSECVXHhMS9e":{"chainKey":{"counter":0,"key":"pD2RUjIzESDTFrqBGra4rmjw9DPQUtUAMK6KbiPMfW4="},"chainType":1,"messageKeys":{}}}}},"version":"v1"}