{"_sessions":{"BfmgL2eiW2MegtGChGnKyccV80pGAWR+RQDJ5F4h4h9D":{"registrationId":612889134,"currentRatchet":{"ephemeralKeyPair":{"pubKey":"BSSgLgOTXMIBvEOSXFgpzA3EP23MAvVdRL83osQyR+JX","privKey":"WBFllukxbvN5CG5Or4+uYkkwo2blJtG7c4RTfHayg2w="},"lastRemoteEphemeralKey":"BToThFOrjoQnLd2Yqd9fE66m5MEGpM336N+IwdaOAPt4","previousCounter":0,"rootKey":"3jk4+NZ6uwTmNl5IibCS1Sx5z/uknhFWjEwb32pkmYs="},"indexInfo":{"baseKey":"BfmgL2eiW2MegtGChGnKyccV80pGAWR+RQDJ5F4h4h9D","baseKeyType":1,"closed":-1,"used":1750602164441,"created":1750592180638,"remoteIdentityKey":"BYXsNCYo+US0LRPK035HKXiN8nZ2GF32bDGYLHi6bWZ8"},"_chains":{"BToThFOrjoQnLd2Yqd9fE66m5MEGpM336N+IwdaOAPt4":{"chainKey":{"counter":0,"key":"xexyj5IkL/j7nZjqLgGN+Ih+1o8U70+djFUGGX68whA="},"chainType":2,"messageKeys":{}},"BSSgLgOTXMIBvEOSXFgpzA3EP23MAvVdRL83osQyR+JX":{"chainKey":{"counter":-1,"key":"tKBORiMBojOH1yeAMCude2GHqeDUR+bMddK6WTcmZOc="},"chainType":1,"messageKeys":{}}}}},"version":"v1"}