{"_sessions":{"BcfJmagDyWK9+xYVxSlYuVS8BQ0A3oSqXnHdqyKKXic8":{"registrationId":1582318618,"currentRatchet":{"ephemeralKeyPair":{"pubKey":"BVBG3lyHAjFAta6rrkANb0A4gWS83XiWTcT40ldVLrME","privKey":"cAHywOBahyIDgHL1lI3pBhTcwsXajU6iBKwJ2m4gC0I="},"lastRemoteEphemeralKey":"BcJkdFsRLec/yT/pD9uwP/cnJ59uFfVJNPkzYY5Ns9tt","previousCounter":0,"rootKey":"iqb1+jGKjY7yNkYckpqE5l9Ga6ZXSBPuzXbJXQeUyXc="},"indexInfo":{"baseKey":"BcfJmagDyWK9+xYVxSlYuVS8BQ0A3oSqXnHdqyKKXic8","baseKeyType":1,"closed":-1,"used":1750592180577,"created":1750592180577,"remoteIdentityKey":"BR85XTudkmyK8Mf7EuWp3La1sAJk+HOi0hehzc/PlvFS"},"_chains":{"BVBG3lyHAjFAta6rrkANb0A4gWS83XiWTcT40ldVLrME":{"chainKey":{"counter":1,"key":"zVT0Q+Te1y8+NFcLllxzKCi9YECg8kTWvS+/UHH6PDY="},"chainType":1,"messageKeys":{}}},"pendingPreKey":{"signedKeyId":2,"baseKey":"BcfJmagDyWK9+xYVxSlYuVS8BQ0A3oSqXnHdqyKKXic8","preKeyId":16319178}}},"version":"v1"}