{"_sessions":{"Ba4DwzGfKh8k30a1G9qqbKxEX6pdPc40muDICMZCE4kQ":{"registrationId":778955491,"currentRatchet":{"ephemeralKeyPair":{"pubKey":"BV9Jwu5nN05rbzHfVmXmISMl5YnL/fYKvvpbeLajPnF/","privKey":"4M2bYawW09Zk39zw1eISxQMnunHs4oRlZc0Osy+7MVM="},"lastRemoteEphemeralKey":"BWGE2erU6kgzJXeaoDTT27KLfWm2TeZrJgwIfSV0A8My","previousCounter":0,"rootKey":"okYPX8x//b5BFlE6c5npZ0XgWF4gHBNYO6DqI4kimdQ="},"indexInfo":{"baseKey":"Ba4DwzGfKh8k30a1G9qqbKxEX6pdPc40muDICMZCE4kQ","baseKeyType":2,"closed":-1,"used":1750630213975,"created":1750630213975,"remoteIdentityKey":"BWsQ/EA2DQkAXsty7Rz6Dqxtal//IBgJ4HlPnyi0jlh0"},"_chains":{"BWGE2erU6kgzJXeaoDTT27KLfWm2TeZrJgwIfSV0A8My":{"chainKey":{"counter":2,"key":"52S6SjiYx/TLzdpfLirRhTCKNsjrBwB08AwBnJkyg+w="},"chainType":2,"messageKeys":{"1":"Ph44lktg2JIREHExTcAMSCgSNqEBI02Y8Zmi1NRhq3s="}},"BV9Jwu5nN05rbzHfVmXmISMl5YnL/fYKvvpbeLajPnF/":{"chainKey":{"counter":-1,"key":"IJzoqHPNTk3XxwDlDnOTTAds0Vz4GZJNzkp0c5AWXFk="},"chainType":1,"messageKeys":{}}}}},"version":"v1"}