{"_sessions":{"BbAbbwce2gs5h/hL/a6C4eU2MMHNUTNu9PIwu23AsOg2":{"registrationId":1478346173,"currentRatchet":{"ephemeralKeyPair":{"pubKey":"BVq+ScxOtXjdfsbyTUGK/8pVupDS1aY6l19flGsIilBu","privKey":"8MkRu20DLj/Be12EA3WtOzdmTDdmvReg6bRp/1ul0lc="},"lastRemoteEphemeralKey":"Bfl4J5WUUoIfDO8BPOFGpDn56MDy1zEmzlwzZWHVLKs8","previousCounter":0,"rootKey":"x2YcVdyRWLp4lnIi7D3zdGsCTE8SlPEQ3MdtobPGucQ="},"indexInfo":{"baseKey":"BbAbbwce2gs5h/hL/a6C4eU2MMHNUTNu9PIwu23AsOg2","baseKeyType":2,"closed":-1,"used":1750633004218,"created":1750590943273,"remoteIdentityKey":"BX1zaOTXuIHCiCnfF8eQ79SP1MVHZODt1AsUUH8TmCo2"},"_chains":{"BeZKrv+uNPEhGmwVC2/EiRL9/A6RbUIi5/Q9lRw5dt8m":{"chainKey":{"counter":0},"chainType":2,"messageKeys":{}},"Bfl4J5WUUoIfDO8BPOFGpDn56MDy1zEmzlwzZWHVLKs8":{"chainKey":{"counter":0,"key":"XpINCoDbIdwRiqUdzOHaNRiNSCYLxkHFszO2WtgVyxc="},"chainType":2,"messageKeys":{}},"BVq+ScxOtXjdfsbyTUGK/8pVupDS1aY6l19flGsIilBu":{"chainKey":{"counter":-1,"key":"pKliT8PCVEkAoMRpl86DVn703RiNypWL6IlalU/DT/w="},"chainType":1,"messageKeys":{}}}}},"version":"v1"}