{"_sessions":{"BcdhqHeNXscI9AuFQL8/DQztYQGvEk3c+YDR/Eo75sd3":{"registrationId":1404786366,"currentRatchet":{"ephemeralKeyPair":{"pubKey":"BZj9TVRZe2kS1bNROovWirUb82xOVERG0ZAa3K3tAPMC","privKey":"2MiHuNO4zhhySHJFx15Hp8de21oncTHgDqDU/g0hPk8="},"lastRemoteEphemeralKey":"BaNbKhSA/3EO2x7C2UwKVm9nce3daPosZ/gQzCZUcnc6","previousCounter":0,"rootKey":"DGEKPlMwZtEi00ZgQpIVncnwnPulm+exWmWhjg1tndw="},"indexInfo":{"baseKey":"BcdhqHeNXscI9AuFQL8/DQztYQGvEk3c+YDR/Eo75sd3","baseKeyType":2,"closed":-1,"used":1750632809819,"created":1750627087551,"remoteIdentityKey":"Bdwg4aataXvzekqhMK2a7KwaQLHa8akPXV0tDnNm9/sI"},"_chains":{"Ba3VKTQA+Z1NISy9caCSmQ0bxbsVXxWVmdLRNUBQfype":{"chainKey":{"counter":1},"chainType":2,"messageKeys":{}},"BaNbKhSA/3EO2x7C2UwKVm9nce3daPosZ/gQzCZUcnc6":{"chainKey":{"counter":0,"key":"wxL172ZZ2isXMJjmx1ruPZUe5pnuO1t9L0bMNQ1c+Co="},"chainType":2,"messageKeys":{}},"BZj9TVRZe2kS1bNROovWirUb82xOVERG0ZAa3K3tAPMC":{"chainKey":{"counter":-1,"key":"XMrE/elsfHmE6EnP4eYHENTTHXGMwIsThWWqxi3ktIQ="},"chainType":1,"messageKeys":{}}}}},"version":"v1"}