{"_sessions":{"BTZM411BNafF487SKDA4qrV7ZMZgGzOUupGipCoDMUZ8":{"registrationId":1896659704,"currentRatchet":{"ephemeralKeyPair":{"pubKey":"BdTFJUZPIt0bCM9wQt8bQYeu8PDztWcgaKnIQHJgZPQo","privKey":"KFqUSaZrr3wDaHUncL5woKphuxJZJo0sCRtZWuCSCmU="},"lastRemoteEphemeralKey":"BVEFembhftQOzoNDVAcikn7kXuUW+yt8zAB4jb4ivgRw","previousCounter":0,"rootKey":"FarM7BWhSeGDgSS/fySb2mnpuJ8ClhVru/BJAwTxQRU="},"indexInfo":{"baseKey":"BTZM411BNafF487SKDA4qrV7ZMZgGzOUupGipCoDMUZ8","baseKeyType":1,"closed":-1,"used":1750631397705,"created":1750631397705,"remoteIdentityKey":"BeSJU2w5dQJHaQwRuCCP3Zc3wcKES0/ApNK0fcQZv5V8"},"_chains":{"BdTFJUZPIt0bCM9wQt8bQYeu8PDztWcgaKnIQHJgZPQo":{"chainKey":{"counter":0,"key":"JNoBdHEU3jWraP4xstj5BTQWMoLbu7igxSXqbZtkl4g="},"chainType":1,"messageKeys":{}}},"pendingPreKey":{"signedKeyId":6,"baseKey":"BTZM411BNafF487SKDA4qrV7ZMZgGzOUupGipCoDMUZ8","preKeyId":16731646}}},"version":"v1"}