{"_sessions":{"BUHsuNRSaOo9n0kcUMQvAsIhQXV+p5bhKIW2tLfpX+h9":{"registrationId":2106797051,"currentRatchet":{"ephemeralKeyPair":{"pubKey":"BfrrHAyi4HP97Ob52wpj7l+HLdqgI4mUjnM5Dd3+gYcU","privKey":"eEAB+gFP/LGoR/dpy2gRrcXn87TqYtVPRRl1gqBp53Q="},"lastRemoteEphemeralKey":"BXGnsJnbblCI6Pbin0Drqq0AeQgL/NfVZzRrgOpZ/Ed2","previousCounter":0,"rootKey":"HRv3gGJLwzaKyfZ3Unno8LgiR/G/MRcJK+WHCJBKqbw="},"indexInfo":{"baseKey":"BUHsuNRSaOo9n0kcUMQvAsIhQXV+p5bhKIW2tLfpX+h9","baseKeyType":1,"closed":-1,"used":1750631397726,"created":1750631397726,"remoteIdentityKey":"BcTEnei58Sa/AEzuvB9D6NGh6o+CfKxxnetk5Cz00pdg"},"_chains":{"BfrrHAyi4HP97Ob52wpj7l+HLdqgI4mUjnM5Dd3+gYcU":{"chainKey":{"counter":0,"key":"8YuE/Lmad4tel0uXCRWem6tVe7Q9yAaHyCk98wxMfJQ="},"chainType":1,"messageKeys":{}}},"pendingPreKey":{"signedKeyId":2,"baseKey":"BUHsuNRSaOo9n0kcUMQvAsIhQXV+p5bhKIW2tLfpX+h9","preKeyId":228}}},"version":"v1"}