{"_sessions":{"BQX45bd46jlqTaL8Y/IQyrKLzhIFickVX/YtOl99vbRy":{"registrationId":1582318618,"currentRatchet":{"ephemeralKeyPair":{"pubKey":"BYKlmj4W6mU1WWurf4iYzS3D3JusFfytRbsQ7+wdixtF","privKey":"wFfTGo/lMgyDWn9DFHFuIz1Ddo9mGVAH1e2Y4ckBj1o="},"lastRemoteEphemeralKey":"BcJkdFsRLec/yT/pD9uwP/cnJ59uFfVJNPkzYY5Ns9tt","previousCounter":0,"rootKey":"lSY/e9kkdAAM7X/5zWo671uJCcd0Qm+s9TyM4SPT7Z4="},"indexInfo":{"baseKey":"BQX45bd46jlqTaL8Y/IQyrKLzhIFickVX/YtOl99vbRy","baseKeyType":1,"closed":-1,"used":1750590045281,"created":1750590045281,"remoteIdentityKey":"BR85XTudkmyK8Mf7EuWp3La1sAJk+HOi0hehzc/PlvFS"},"_chains":{"BYKlmj4W6mU1WWurf4iYzS3D3JusFfytRbsQ7+wdixtF":{"chainKey":{"counter":13,"key":"F3A+qi3Cb5UZXNSF3KtEqVZEi7LA8KiBwK7NxVIzdRQ="},"chainType":1,"messageKeys":{}}},"pendingPreKey":{"signedKeyId":2,"baseKey":"BQX45bd46jlqTaL8Y/IQyrKLzhIFickVX/YtOl99vbRy","preKeyId":16319137}}},"version":"v1"}